<?xml version="1.0" encoding="UTF-8"?>
<project-private xmlns="http://www.netbeans.org/ns/project-private/1">
    <editor-bookmarks xmlns="http://www.netbeans.org/ns/editor-bookmarks/2" lastBookmarkId="0"/>
    <open-files xmlns="http://www.netbeans.org/ns/projectui-open-files/2">
        <group>
            <file>file:/C:/Users/carlos/Desktop/ProjetoApoo/src/InterfaceFazendeiro.java</file>
            <file>file:/C:/Users/carlos/Desktop/ProjetoApoo/src/AlterarAnimal.java</file>
            <file>file:/C:/Users/carlos/Desktop/ProjetoApoo/src/PessoaJ.java</file>
            <file>file:/C:/Users/carlos/Desktop/ProjetoApoo/src/Pessoa.java</file>
            <file>file:/C:/Users/carlos/Desktop/ProjetoApoo/src/BDConect.java</file>
            <file>file:/C:/Users/carlos/Desktop/ProjetoApoo/src/Class_Animal.java</file>
            <file>file:/C:/Users/carlos/Desktop/ProjetoApoo/src/Opcao.java</file>
            <file>file:/C:/Users/carlos/Desktop/ProjetoApoo/src/NewJFrame.java</file>
            <file>file:/C:/Users/carlos/Desktop/ProjetoApoo/src/Animal.java</file>
            <file>file:/C:/Users/carlos/Desktop/ProjetoApoo/src/ExcluirAnimal.java</file>
            <file>file:/C:/Users/carlos/Desktop/ProjetoApoo/src/Alterar.java</file>
            <file>file:/C:/Users/carlos/Desktop/ProjetoApoo/src/NewJPanel1.java</file>
            <file>file:/C:/Users/carlos/Desktop/ProjetoApoo/src/InterfaceCliente.java</file>
        </group>
    </open-files>
</project-private>
